file,verdict,blocking_reason
strings/builder_test.go,approved,
strings/clone_test.go,approved,
strings/compare_test.go,approved,
strings/example_test.go,approved,
strings/export_test.go,approved,
strings/iter_test.go,approved,
strings/reader_test.go,approved,
strings/replace_test.go,approved,
strings/search_test.go,approved,
strings/strings_test.go,approved,
bytes/boundary_test.go,approved,
bytes/buffer_test.go,approved,
bytes/bytes_js_wasm_test.go,approved,
bytes/bytes_test.go,approved,
bytes/compare_test.go,approved,
bytes/example_test.go,approved,
bytes/iter_test.go,approved,
bytes/reader_test.go,approved,
sort/example_interface_test.go,approved,
sort/example_keys_test.go,approved,
sort/example_multi_test.go,approved,
sort/example_search_test.go,approved,
sort/example_test.go,approved,
sort/example_wrapper_test.go,approved,
sort/export_test.go,approved,
sort/search_test.go,approved,
sort/sort_slices_benchmark_test.go,approved,
sort/sort_test.go,approved,
strconv/example_test.go,approved,
strconv/export_test.go,approved,
strconv/import_test.go,approved,
strconv/number_test.go,approved,
strconv/quote_test.go,approved,
strconv/strconv_test.go,approved,
errors/errors_test.go,approved,
errors/example_test.go,approved,
errors/join_test.go,approved,
errors/wrap_test.go,approved,
path/example_test.go,approved,
path/match_test.go,approved,
path/path_test.go,approved,
bufio/bufio_test.go,approved,
bufio/example_test.go,approved,
bufio/export_test.go,approved,
bufio/net_test.go,approved,
bufio/scan_test.go,approved,
container/heap/example_intheap_test.go,approved,
container/heap/example_pq_test.go,approved,
container/heap/heap_test.go,approved,
container/list/example_test.go,approved,
container/list/list_test.go,approved,
container/ring/example_test.go,approved,
container/ring/ring_test.go,approved,
encoding/ascii85/ascii85_test.go,approved,
encoding/base32/base32_test.go,approved,
encoding/base32/example_test.go,approved,
encoding/base64/base64_test.go,approved,
encoding/base64/example_test.go,approved,
encoding/binary/binary_test.go,approved,
encoding/binary/example_test.go,approved,
encoding/binary/varint_test.go,approved,
encoding/csv/example_test.go,approved,
encoding/csv/fuzz_test.go,approved,
encoding/csv/reader_test.go,approved,
encoding/csv/writer_test.go,approved,
encoding/gob/codec_test.go,approved,
encoding/gob/encoder_test.go,approved,
encoding/gob/example_encdec_test.go,approved,
encoding/gob/example_interface_test.go,approved,
encoding/gob/example_test.go,approved,
encoding/gob/gobencdec_test.go,approved,
encoding/gob/timing_test.go,approved,
encoding/gob/type_test.go,approved,
encoding/hex/example_test.go,approved,
encoding/hex/hex_test.go,approved,
encoding/json/bench_test.go,approved,
encoding/json/decode_test.go,approved,
encoding/json/encode_test.go,approved,
encoding/json/example_marshaling_test.go,approved,
encoding/json/example_test.go,approved,
encoding/json/example_text_marshaling_test.go,approved,
encoding/json/fold_test.go,approved,
encoding/json/fuzz_test.go,approved,
encoding/json/number_test.go,approved,
encoding/json/scanner_test.go,approved,
encoding/json/stream_test.go,approved,
encoding/json/tagkey_test.go,approved,
encoding/json/tags_test.go,approved,
encoding/json/v2_bench_test.go,approved,
encoding/json/v2_decode_test.go,approved,
encoding/json/v2_diff_test.go,approved,
encoding/json/v2_encode_test.go,approved,
encoding/json/v2_example_marshaling_test.go,approved,
encoding/json/v2_example_test.go,approved,
encoding/json/v2_example_text_marshaling_test.go,approved,
encoding/json/v2_fuzz_test.go,approved,
encoding/json/v2_scanner_test.go,approved,
encoding/json/v2_stream_test.go,approved,
encoding/json/v2_tagkey_test.go,approved,
encoding/pem/example_test.go,approved,
encoding/pem/pem_test.go,approved,
encoding/xml/atom_test.go,approved,
encoding/xml/example_marshaling_test.go,approved,
encoding/xml/example_test.go,approved,
encoding/xml/example_text_marshaling_test.go,approved,
encoding/xml/marshal_test.go,approved,
encoding/xml/read_test.go,approved,
encoding/xml/xml_test.go,approved,
html/entity_test.go,approved,
html/escape_test.go,approved,
html/example_test.go,approved,
html/fuzz_test.go,approved,
net/url/example_test.go,approved,
net/url/url_test.go,approved,
regexp/all_test.go,approved,
regexp/example_test.go,approved,
regexp/exec2_test.go,approved,
regexp/exec_test.go,approved,
regexp/find_test.go,approved,
regexp/onepass_test.go,approved,
sync/cond_test.go,approved,
sync/example_pool_test.go,approved,
sync/example_test.go,approved,
sync/export_test.go,approved,
sync/map_bench_test.go,approved,
sync/map_reference_test.go,approved,
sync/map_test.go,approved,
sync/mutex_test.go,approved,
sync/once_test.go,approved,
sync/oncefunc_test.go,approved,
sync/pool_test.go,approved,
sync/runtime_sema_test.go,approved,
sync/rwmutex_test.go,approved,
sync/waitgroup_test.go,approved,
time/abs_test.go,approved,
time/example_test.go,approved,
time/export_android_test.go,approved,
time/export_test.go,approved,
time/export_windows_test.go,approved,
time/format_test.go,approved,
time/internal_test.go,approved,
time/linkname_test.go,approved,
time/mono_test.go,approved,
time/sleep_test.go,approved,
time/tick_test.go,approved,
time/time_test.go,approved,
time/tzdata_test.go,approved,
time/zoneinfo_android_test.go,approved,
time/zoneinfo_test.go,approved,
time/zoneinfo_unix_test.go,approved,
time/zoneinfo_windows_test.go,approved,
io/example_test.go,approved,
io/export_test.go,approved,
io/io_test.go,approved,
io/multi_test.go,approved,
io/pipe_test.go,approved,
fmt/errors_test.go,approved,
fmt/example_test.go,approved,
fmt/export_test.go,approved,
fmt/fmt_test.go,approved,
fmt/gostringer_example_test.go,approved,
fmt/scan_test.go,approved,
fmt/state_test.go,approved,
fmt/stringer_example_test.go,approved,
fmt/stringer_test.go,approved,
math/big/alias_test.go,approved,
math/big/arith_amd64_test.go,approved,
math/big/arith_s390x_test.go,approved,
math/big/arith_test.go,approved,
math/big/bits_test.go,approved,
math/big/calibrate_test.go,approved,
math/big/decimal_test.go,approved,
math/big/escape_test.go,approved,
math/big/example_rat_test.go,approved,
math/big/example_test.go,approved,
math/big/float_test.go,approved,
math/big/floatconv_test.go,approved,
math/big/floatexample_test.go,approved,
math/big/floatmarsh_test.go,approved,
math/big/gcd_test.go,approved,
math/big/hilbert_test.go,approved,
math/big/int_test.go,approved,
math/big/intconv_test.go,approved,
math/big/intmarsh_test.go,approved,
math/big/link_test.go,approved,
math/big/nat_test.go,approved,
math/big/natconv_test.go,approved,
math/big/prime_test.go,approved,
math/big/rat_test.go,approved,
math/big/ratconv_test.go,approved,
math/big/ratmarsh_test.go,approved,
math/big/sqrt_test.go,approved,
hash/fnv/fnv_test.go,approved,
flag/example_flagset_test.go,approved,
flag/example_func_test.go,approved,
flag/example_test.go,approved,
flag/example_textvar_test.go,approved,
flag/example_value_test.go,approved,
flag/export_test.go,approved,
flag/flag_test.go,approved,
slices/example_test.go,approved,
slices/iter_test.go,approved,
slices/slices_test.go,approved,
slices/sort_benchmark_test.go,approved,
slices/sort_test.go,approved,
maps/example_test.go,approved,
maps/iter_test.go,approved,
maps/maps_test.go,approved,
os/copy_test.go,approved,
os/env_test.go,approved,
os/env_unix_test.go,approved,
os/error_test.go,approved,
os/error_unix_test.go,approved,
os/error_windows_test.go,approved,
os/example_other_test.go,approved,
os/example_test.go,approved,
os/example_windows_test.go,approved,
os/exec_nohandle_test.go,approved,
os/exec_test.go,approved,
os/exec_unix_test.go,approved,
os/exec_windows_test.go,approved,
os/executable_test.go,approved,
os/export_freebsd_test.go,approved,
os/export_linux_test.go,approved,
os/export_test.go,approved,
os/export_unix_test.go,approved,
os/export_windows_test.go,approved,
os/fifo_test.go,approved,
os/file_test.go,approved,
os/getwd_unix_test.go,approved,
os/os_test.go,approved,
os/os_unix_test.go,approved,
os/os_windows_test.go,approved,
os/path_test.go,approved,
os/path_windows_test.go,approved,
os/pidfd_linux_test.go,approved,
os/pipe_test.go,approved,
os/rawconn_test.go,approved,
os/read_test.go,approved,
os/readfrom_freebsd_test.go,approved,
os/readfrom_linux_test.go,approved,
os/readfrom_sendfile_test.go,approved,
os/readfrom_solaris_test.go,approved,
os/readfrom_unix_test.go,approved,
os/removeall_test.go,approved,
os/root_test.go,approved,
os/root_unix_test.go,approved,
os/root_windows_test.go,approved,
os/stat_test.go,approved,
os/tempfile_test.go,approved,
os/timeout_test.go,approved,
os/timeout_unix_test.go,approved,
os/timeout_windows_test.go,approved,
os/writeto_linux_test.go,approved,
path/filepath/example_test.go,approved,
path/filepath/example_unix_test.go,approved,
path/filepath/example_unix_walk_test.go,approved,
path/filepath/export_test.go,approved,
path/filepath/export_windows_test.go,approved,
path/filepath/match_test.go,approved,
path/filepath/path_test.go,approved,
path/filepath/path_windows_test.go,approved,
